--@formatter:off

INSERT INTO ACCOUNT (USER_NUM, EMAIL, PASSWORD, NICKNAME, AUTHORITY, REG_ID, ALT_ID) VALUES (10001, 'beomgyu7832@gmail.com', '$2a$10$kYjIzdNg33xETi6rbMGfxOGKU9SSl3lgk2oa8eM7jhqFysNk/ptmC', '범규', 'ROLE_ADMIN', 'DATASQL', 'DATASQL');
INSERT INTO ACCOUNT (USER_NUM, EMAIL, PASSWORD, NICKNAME, AUTHORITY, REG_ID, ALT_ID) VALUES (10002, 'i_play_star@naver.com', '$2a$10$kYjIzdNg33xETi6rbMGfxOGKU9SSl3lgk2oa8eM7jhqFysNk/ptmC', '플레이스타', 'ROLE_USER', 'DATASQL', 'DATASQL');
INSERT INTO ACCOUNT (USER_NUM, EMAIL, PASSWORD, NICKNAME, AUTHORITY, REG_ID, ALT_ID) VALUES (10003, 'beomgyu_@nate.com', '$2a$10$kYjIzdNg33xETi6rbMGfxOGKU9SSl3lgk2oa8eM7jhqFysNk/ptmC', 'bbamKey', 'ROLE_USER', 'DATASQL', 'DATASQL');
INSERT INTO ACCOUNT (USER_NUM, EMAIL, PASSWORD, NICKNAME, AUTHORITY, REG_ID, ALT_ID) VALUES (10004, 'jjungwoojin@hanmail.net', '$2a$10$kYjIzdNg33xETi6rbMGfxOGKU9SSl3lgk2oa8eM7jhqFysNk/ptmC', 'velySound', 'ROLE_ADMIN', 'DATASQL', 'DATASQL');

INSERT INTO VIDEO VALUES (201, 'cc', 'V', '공감하시네', 'https://www.youtube.com/embed/5x5d9X7zsEY', '/assets/images/thumb/ccm_gonggam.jpg',  'N', 101, NULL, NOW(), NULL, NULL);
INSERT INTO VIDEO VALUES (202, 'cc', 'V', '주가일하시네', 'https://www.youtube.com/embed/asqp1qJFBJk', '/assets/images/thumb/ccm_jooga.jpg', 'N', 102, NULL, NOW(), NULL, NULL);
INSERT INTO VIDEO VALUES (203, 'cc', 'V', '오직예수뿐이네', 'https://www.youtube.com/embed/P1RpJkNGeAw', '/assets/images/thumb/ccm_ohjick.jpg', 'N', 103, NULL, NOW(), NULL, NULL);
INSERT INTO VIDEO VALUES (204, 'cc', 'V', '전능하신나의주하나님은', 'https://www.youtube.com/embed/pdMnCbtOEcY', '/assets/images/thumb/ccm_jeonneong.jpg', 'N', 104, NULL, NOW(), NULL, NULL);
INSERT INTO VIDEO VALUES (205, 'cc', 'V', '내가 매일 해야 하는 말', 'https://www.youtube.com/embed/Y038AXIJxu4', '/assets/images/thumb/ccm_every.jpg', 'N', 113, NULL, NOW(), NULL, NULL);
INSERT INTO VIDEO VALUES (206, 'hm', 'V', '찬송가 1~30', 'https://www.youtube.com/embed/KgJ7qSETOr0', NULL, 'N', 115, NULL, NOW(), NULL, NULL);
INSERT INTO VIDEO VALUES (207, 'hm', 'V', '찬송가 31~60', 'https://www.youtube.com/embed/vti2o7070_s', NULL, 'N', NULL, NULL, NOW(), NULL, NULL);
INSERT INTO VIDEO VALUES (208, 'hm', 'V', '찬송가 61~90', 'https://www.youtube.com/embed/gpkoyBISu9E', NULL, 'N', NULL, NULL, NOW(), NULL, NULL);
INSERT INTO VIDEO VALUES (209, 'hm', 'V', '찬송가 91~120', 'https://www.youtube.com/embed/K8uBwhP2lkg', NULL, 'N', NULL, NULL, NOW(), NULL, NULL);
INSERT INTO VIDEO VALUES (210, 'hm', 'V', '찬송가 121~150', 'https://www.youtube.com/embed/_F4WY_7aexc', NULL, 'N', NULL, NULL, NOW(), NULL, NULL);
INSERT INTO VIDEO VALUES (211, 'cc', 'V', '내 모습 이대로', 'https://www.youtube.com/embed/kDVvsQuR-b0', '/assets/images/thumb/ccm_naemoseup.jpg', 'N', NULL, NULL, NOW(), NULL, NULL);
INSERT INTO VIDEO VALUES (212, 'cc', 'V', '시간을 뚫고', 'https://www.youtube.com/embed/jtg3eiIWcYg', '/assets/images/thumb/ccm_sigan.jpg', 'N', NULL, NULL, NOW(), NULL, NULL);
INSERT INTO VIDEO VALUES (214, 'cc', 'V', '나를 향한 주의 사랑', 'https://www.youtube.com/embed/4bMRzxJ637c', '/assets/images/thumb/ccm_loveforme.jpg', 'N', NULL, NULL, NOW(), NULL, NULL);
INSERT INTO VIDEO VALUES (215, 'cc', 'V', '요게벳의 노래', 'https://www.youtube.com/embed/OpWZ0aAXkVM', '/assets/images/thumb/ccm_yogebet.jpg', 'N', NULL, NULL, NOW(), NULL, NULL);
INSERT INTO VIDEO VALUES (216, 'cc', 'V', '은혜', 'https://www.youtube.com/embed/HxSjhqaXa6A', '/assets/images/thumb/ccm_eunhye.jpg', 'N', NULL, NULL, NOW(), NULL, NULL);
INSERT INTO VIDEO VALUES (217, 'cc', 'V', '감사', 'https://www.youtube.com/embed/YTgmOGZwnSs', '/assets/images/thumb/ccm_gamsa.jpg', 'N', NULL, NULL, NOW(), NULL, NULL);
INSERT INTO VIDEO VALUES (218, 'hm', 'V', 'hymn playlist', 'https://www.youtube.com/embed/VL80Ym1J8-4', '/assets/images/thumb/pl_hymnlist.jpg', 'N', NULL, NULL, NOW(), NULL, NULL);
INSERT INTO VIDEO VALUES (219, 'hm', 'V', 'rain playlist', 'https://www.youtube.com/embed/YJF9363u7fY', '/assets/images/thumb/pl_rainlist.jpg', 'N', NULL, NULL, NOW(), NULL, NULL);
INSERT INTO VIDEO VALUES (220, 'cc', 'V', 'ccm playlist', 'https://www.youtube.com/embed/Jky_Sj0TRpo', '/assets/images/thumb/pl_ccmlist.jpg', 'N', NULL, NULL, NOW(), NULL, NULL);
INSERT INTO VIDEO VALUES (221, 'os', 'V', 'ost playlist', 'https://www.youtube.com/embed/nklnm-pPv68', '/assets/images/thumb/pl_ost.jpg', 'N', NULL, NULL, NOW(), NULL, NULL);
INSERT INTO VIDEO VALUES (222, 'os', 'V', 'ost bonfire', 'https://www.youtube.com/embed/ZpOMtC_70Cc', '/assets/images/thumb/pl_ost_fire.jpg', 'N', NULL, NULL, NOW(), NULL, NULL);
INSERT INTO VIDEO VALUES (223, 'cc', 'V', 'qt playlist', 'https://www.youtube.com/embed/QCY2P0Zplis', '/assets/images/thumb/pl_qt.jpg', 'N', NULL, NULL, NOW(), NULL, NULL);
INSERT INTO VIDEO VALUES (224, 'cc', 'V', 'qt bonfire', 'https://www.youtube.com/embed/HBFa0zK48kU', '/assets/images/thumb/pl_qt_fire.jpg', 'N', NULL, NULL, NOW(), NULL, NULL);
INSERT INTO VIDEO VALUES (225, 'ot', 'V;M1', 'christmas playlist', 'https://www.youtube.com/embed/XQy02EhN7jM', '/assets/images/thumb/pl_christmas.jpg', 'N', NULL, NULL, NOW(), NULL, NULL);
INSERT INTO VIDEO VALUES (226, 'ot', 'V', '너의 모든 순간', 'https://www.youtube.com/embed/gNnhQqO3oTg', '/assets/images/thumb/ost_you.jpg', 'N', NULL, NULL, NOW(), NULL, NULL);
INSERT INTO VIDEO VALUES (227, 'hm', 'V;M1', 'snow palylist', 'https://www.youtube.com/embed/HxXLHIpsnCQ', '/assets/images/thumb/pl_whitechristmas.jpg', 'N', NULL, NULL, NOW(), NULL, NULL);
INSERT INTO VIDEO VALUES (228, 'ot', 'V;M1', 'winter palylist', 'https://www.youtube.com/embed/gjGozVkXJEI', '/assets/images/thumb/pl_winter.jpg', 'N', NULL, NULL, NOW(), NULL, NULL);
INSERT INTO VIDEO VALUES (229, 'ot', 'V;M1', 'newJeans palylist', 'https://www.youtube.com/embed/eisP1eY_o8U', '/assets/images/thumb/pl_newjeans.jpg', 'N', NULL, NULL, NOW(), NULL, NULL);


INSERT INTO SHEET VALUES (101, 'cc', 'S;M2', '공감하시네', '', 'G', 'C;D;E;F;G', 5,2500, '공감;ccm;ccm arragement;1st;first', 0, 201, 'N', NULL, NOW(), NULL, NULL);
INSERT INTO SHEET VALUES (102, 'cc', 'S;M2', '주가 일하시네', '', 'C', 'G;G#;A;A#;B;C', 4, 1500, '주가;ccm;ccm arragement;2nd;second', 0, 202, 'N', NULL, NOW(), NULL, NULL);
INSERT INTO SHEET VALUES (103, 'cc', 'S', '오직 예수 뿐이네', '', 'F', 'F;G;A;E', 25, 2000, '오직;ccm;ccm arragement;3th;third', 0, 203, 'N', NULL, NOW(), NULL, NULL);
INSERT INTO SHEET VALUES (104, 'cc', 'S;M2', '전능하신 나의 주 하나님은', '', 'B', 'B;Bb;C', 15, 3500, '전능;ccm;ccm arragement;4th;forth', 0, 204, 'N', NULL, NOW(), NULL, NULL);
INSERT INTO SHEET VALUES (113, 'cc', 'S;M2;', '내가 매일 해야 하는 말', '사랑합니다. 고맙습니다. 한 번 해보는건 어떨까요?', 'G', 'G', 1, 1200, '내가매일해야하는말;ccm;ccm arragement;5th;fifth', 0, 205, 'N', NULL, NOW(), NULL, NULL);
INSERT INTO SHEET VALUES (114, 'hm', 'S', '우리가 기다리던', '구독과 좋아요는 힘이 됩니다~<br/>찬송가 645 프로젝트 31~60', 'C', 'C;F', 1, 700, '찬송가 645;찬송가 전곡;찬송가 편곡;hymn;hymn arragement', 0, NULL, 'N', NULL, NOW(), NULL, NULL);
INSERT INTO SHEET VALUES (115, 'hm', 'S;M3', '만복의 근원 하나님', '구독과 좋아요는 힘이 됩니다~<br/>찬송가 645 프로젝트 1~30', 'F', 'F', 1, 700, '찬송가 645;찬송가 전곡;찬송가 편곡;hymn;hymn arragement', 0, 206, 'N', NULL, NOW(), NULL, NULL);
INSERT INTO SHEET VALUES (116, 'hm', 'S;M3', '찬양 성부 성자 성령', '구독과 좋아요는 힘이 됩니다~<br/>찬송가 645 프로젝트 1~30', 'G', 'G', 1, 700, '찬송가 645;찬송가 전곡;찬송가 편곡;hymn;hymn arragement', 0, 206, 'N', NULL, NOW(), NULL, NULL);
INSERT INTO SHEET VALUES (117, 'hm', 'S;M3', '성부 성자와 성령', '구독과 좋아요는 힘이 됩니다~<br/>찬송가 645 프로젝트 1~30', 'D', 'D', 1, 700, '찬송가 645;찬송가 전곡;찬송가 편곡;hymn;hymn arragement', 0, 206, 'N', NULL, NOW(), NULL, NULL);
INSERT INTO SHEET VALUES (118, 'hm', 'S;M3', '성부 성자와 성령', '구독과 좋아요는 힘이 됩니다~<br/>찬송가 645 프로젝트 1~30', 'G', 'G', 1, 700, '찬송가 645;찬송가 전곡;찬송가 편곡;hymn;hymn arragement', 0, 206, 'N', NULL, NOW(), NULL, NULL);
INSERT INTO SHEET VALUES (119, 'hm', 'S;M3', '이 천지간 만물들아', '구독과 좋아요는 힘이 됩니다~<br/>찬송가 645 프로젝트 1~30', 'C', 'C', 1, 700, '찬송가 645;찬송가 전곡;찬송가 편곡;hymn;hymn arragement', 0, 206, 'N', NULL, NOW(), NULL, NULL);
INSERT INTO SHEET VALUES (120, 'hm', 'S;M3', '목소리 높여서', '구독과 좋아요는 힘이 됩니다~<br/>찬송가 645 프로젝트 1~30', 'C', 'C', 1, 700, '찬송가 645;찬송가 전곡;찬송가 편곡;hymn;hymn arragement', 0, 206, 'N', NULL, NOW(), NULL, NULL);
INSERT INTO SHEET VALUES (121, 'hm', 'S;M3', '성부 성자 성령', '구독과 좋아요는 힘이 됩니다~<br/>찬송가 645 프로젝트 1~30', 'D', 'D', 1, 700, '찬송가 645;찬송가 전곡;찬송가 편곡;hymn;hymn arragement', 0, 206, 'N', NULL, NOW(), NULL, NULL);
INSERT INTO SHEET VALUES (122, 'hm', 'S;M3', '거룩 거룩 거룩 전능하신 주님', '구독과 좋아요는 힘이 됩니다~<br/>찬송가 645 프로젝트 1~30', 'C', 'C', 1, 700, '찬송가 645;찬송가 전곡;찬송가 편곡;hymn;hymn arragement', 0, 206, 'N', NULL, NOW(), NULL, NULL);
INSERT INTO SHEET VALUES (123, 'hm', 'S;M3', '하늘에 가득 찬 영광의 하나님', '구독과 좋아요는 힘이 됩니다~<br/>찬송가 645 프로젝트 1~30', 'E', 'E', 1, 700, '찬송가 645;찬송가 전곡;찬송가 편곡;hymn;hymn arragement', 0, 206, 'N', NULL, NOW(), NULL, NULL);
INSERT INTO SHEET VALUES (124, 'hm', 'S;M3', '전능왕 오셔서', '구독과 좋아요는 힘이 됩니다~<br/>찬송가 645 프로젝트 1~30', 'D', 'D', 1, 700, '찬송가 645;찬송가 전곡;찬송가 편곡;hymn;hymn arragement', 0, 206, 'N', NULL, NOW(), NULL, NULL);
INSERT INTO SHEET VALUES (125, 'hm', 'S;M3', '홀로 한 분 하나님께', '구독과 좋아요는 힘이 됩니다~<br/>찬송가 645 프로젝트 1~30', 'A', 'A', 1, 700, '찬송가 645;찬송가 전곡;찬송가 편곡;hymn;hymn arragement', 0, 206, 'N', NULL, NOW(), NULL, NULL);
INSERT INTO SHEET VALUES (126, 'hm', 'S;M3', '다 함께 주를 경배하세', '구독과 좋아요는 힘이 됩니다~<br/>찬송가 645 프로젝트 1~30', 'C', 'C', 1, 700, '찬송가 645;찬송가 전곡;찬송가 편곡;hymn;hymn arragement', 0, 206, 'N', NULL, NOW(), NULL, NULL);
INSERT INTO SHEET VALUES (127, 'hm', 'S;M3', '영원한 하늘나라', '구독과 좋아요는 힘이 됩니다~<br/>찬송가 645 프로젝트 1~30', 'Em', 'Em', 1, 700, '찬송가 645;찬송가 전곡;찬송가 편곡;hymn;hymn arragement', 0, 206, 'N', NULL, NOW(), NULL, NULL);
INSERT INTO SHEET VALUES (128, 'hm', 'S;M3', '주 우리 하나님', '구독과 좋아요는 힘이 됩니다~<br/>찬송가 645 프로젝트 1~30', 'G', 'G', 1, 700, '찬송가 645;찬송가 전곡;찬송가 편곡;hymn;hymn arragement', 0, 206, 'N', NULL, NOW(), NULL, NULL);
INSERT INTO SHEET VALUES (129, 'hm', 'S;M3', '하나님의 크신 사랑', '구독과 좋아요는 힘이 됩니다~<br/>찬송가 645 프로젝트 1~30', 'C', 'C', 1, 700, '찬송가 645;찬송가 전곡;찬송가 편곡;hymn;hymn arragement', 0, 206, 'N', NULL, NOW(), NULL, NULL);
INSERT INTO SHEET VALUES (130, 'hm', 'S;M3', '은혜로신 하나님 우리 주 하나님', '구독과 좋아요는 힘이 됩니다~<br/>찬송가 645 프로젝트 1~30', 'C', 'C', 1, 700, '찬송가 645;찬송가 전곡;찬송가 편곡;hymn;hymn arragement', 0, 206, 'N', NULL, NOW(), NULL, NULL);
INSERT INTO SHEET VALUES (131, 'hm', 'S', '사랑의 하나님', '구독과 좋아요는 힘이 됩니다~<br/>찬송가 645 프로젝트 1~30', 'D', 'D', 1, 700, '찬송가 645;찬송가 전곡;찬송가 편곡;hymn;hymn arragement', 0, 206, 'N', NULL, NOW(), NULL, NULL);
INSERT INTO SHEET VALUES (132, 'hm', 'S', '성도들아 찬양하자', '구독과 좋아요는 힘이 됩니다~<br/>찬송가 645 프로젝트 1~30', 'F', 'F', 1, 700, '찬송가 645;찬송가 전곡;찬송가 편곡;hymn;hymn arragement', 0, 206, 'N', NULL, NOW(), NULL, NULL);
INSERT INTO SHEET VALUES (133, 'hm', 'S', '찬양하는 소리 있어', '구독과 좋아요는 힘이 됩니다~<br/>찬송가 645 프로젝트 1~30', 'F', 'F', 1, 700, '찬송가 645;찬송가 전곡;찬송가 편곡;hymn;hymn arragement', 0, 206, 'N', NULL, NOW(), NULL, NULL);
INSERT INTO SHEET VALUES (134, 'hm', 'S', '큰 영광 중에 계신 주', '구독과 좋아요는 힘이 됩니다~<br/>찬송가 645 프로젝트 1~30', 'E', 'E', 1, 700, '찬송가 645;찬송가 전곡;찬송가 편곡;hymn;hymn arragement', 0, 206, 'N', NULL, NOW(), NULL, NULL);
INSERT INTO SHEET VALUES (135, 'hm', 'S', '다 찬양하여라', '구독과 좋아요는 힘이 됩니다~<br/>찬송가 645 프로젝트 1~30', 'C', 'C', 1, 700, '찬송가 645;찬송가 전곡;찬송가 편곡;hymn;hymn arragement', 0, 206, 'N', NULL, NOW(), NULL, NULL);
INSERT INTO SHEET VALUES (136, 'hm', 'S', '만유의 주 앞에', '구독과 좋아요는 힘이 됩니다~<br/>찬송가 645 프로젝트 1~30', 'F', 'F', 1, 700, '찬송가 645;찬송가 전곡;찬송가 편곡;hymn;hymn arragement', 0, 206, 'N', NULL, NOW(), NULL, NULL);
INSERT INTO SHEET VALUES (137, 'hm', 'S', '만 입이 내게 있으면', '구독과 좋아요는 힘이 됩니다~<br/>찬송가 645 프로젝트 1~30', 'Eb', 'Eb', 1, 700, '찬송가 645;찬송가 전곡;찬송가 편곡;hymn;hymn arragement', 0, 206, 'N', NULL, NOW(), NULL, NULL);
INSERT INTO SHEET VALUES (138, 'hm', 'S', '왕 되신 주', '구독과 좋아요는 힘이 됩니다~<br/>찬송가 645 프로젝트 1~30', 'D', 'D', 1, 700, '찬송가 645;찬송가 전곡;찬송가 편곡;hymn;hymn arragement', 0, 206, 'N', NULL, NOW(), NULL, NULL);
INSERT INTO SHEET VALUES (139, 'hm', 'S', '면류관 벗어서', '구독과 좋아요는 힘이 됩니다~<br/>찬송가 645 프로젝트 1~30', 'Bb', 'Bb', 1, 700, '찬송가 645;찬송가 전곡;찬송가 편곡;hymn;hymn arragement', 0, 206, 'N', NULL, NOW(), NULL, NULL);
INSERT INTO SHEET VALUES (140, 'hm', 'S', '구세주를 아는 이들', '구독과 좋아요는 힘이 됩니다~<br/>찬송가 645 프로젝트 1~30', 'F', 'F', 1, 700, '찬송가 645;찬송가 전곡;찬송가 편곡;hymn;hymn arragement', 0, 206, 'N', NULL, NOW(), NULL, NULL);
INSERT INTO SHEET VALUES (141, 'hm', 'S', '빛나고 높은 보좌와', '구독과 좋아요는 힘이 됩니다~<br/>찬송가 645 프로젝트 1~30', 'C', 'C', 1, 700, '찬송가 645;찬송가 전곡;찬송가 편곡;hymn;hymn arragement', 0, 206, 'N', NULL, NOW(), NULL, NULL);
INSERT INTO SHEET VALUES (142, 'hm', 'S', '복의 근원 강림하사', '구독과 좋아요는 힘이 됩니다~<br/>찬송가 645 프로젝트 1~30', 'G', 'G', 1, 700, '찬송가 645;찬송가 전곡;찬송가 편곡;hymn;hymn arragement', 0, 206, 'N', NULL, NOW(), NULL, NULL);
INSERT INTO SHEET VALUES (143, 'hm', 'S', '성도여 다 함께', '구독과 좋아요는 힘이 됩니다~<br/>찬송가 645 프로젝트 1~30', 'D', 'D', 1, 700, '찬송가 645;찬송가 전곡;찬송가 편곡;hymn;hymn arragement', 0, 206, 'N', NULL, NOW(), NULL, NULL);
INSERT INTO SHEET VALUES (144, 'hm', 'S', '전능하고 놀라우신', '구독과 좋아요는 힘이 됩니다~<br/>찬송가 645 프로젝트 1~30', 'C', 'C', 1, 700, '찬송가 645;찬송가 전곡;찬송가 편곡;hymn;hymn arragement', 0, 206, 'N', NULL, NOW(), NULL, NULL);

INSERT INTO SHEET_IMAGE VALUES (101, 1, '/assets/images/sheet/ccm_001.jpg', 'Y', 'N', NULL, NOW(), NULL, NULL);
INSERT INTO SHEET_IMAGE VALUES (101, 2, '/assets/images/sheet/ccm_001.jpg', 'N', 'N', NULL, NOW(), NULL, NULL);
INSERT INTO SHEET_IMAGE VALUES (102, 1, '/assets/images/sheet/ccm_002.jpg', 'Y', 'N', NULL, NOW(), NULL, NULL);
INSERT INTO SHEET_IMAGE VALUES (102, 2, '/assets/images/sheet/ccm_002.jpg', 'N', 'N', NULL, NOW(), NULL, NULL);
INSERT INTO SHEET_IMAGE VALUES (103, 1, '/assets/images/sheet/ccm_003.jpg', 'Y', 'N', NULL, NOW(), NULL, NULL);
INSERT INTO SHEET_IMAGE VALUES (103, 2, '/assets/images/sheet/ccm_003.jpg', 'N', 'N', NULL, NOW(), NULL, NULL);
INSERT INTO SHEET_IMAGE VALUES (104, 1, '/assets/images/sheet/ccm_004.jpg', 'Y', 'N', NULL, NOW(), NULL, NULL);
INSERT INTO SHEET_IMAGE VALUES (113, 1, '/assets/images/sheet/ccm_005.jpg', 'Y', 'N', NULL, NOW(), NULL, NULL);
INSERT INTO SHEET_IMAGE VALUES (115, 1, '/assets/images/sheet/001.jpeg', 'Y', 'N', NULL, NOW(), NULL, NULL);
INSERT INTO SHEET_IMAGE VALUES (116, 1, '/assets/images/sheet/002.jpeg', 'Y', 'N', NULL, NOW(), NULL, NULL);
INSERT INTO SHEET_IMAGE VALUES (117, 1, '/assets/images/sheet/003.jpeg', 'Y', 'N', NULL, NOW(), NULL, NULL);
INSERT INTO SHEET_IMAGE VALUES (118, 1, '/assets/images/sheet/004.jpeg', 'Y', 'N', NULL, NOW(), NULL, NULL);
INSERT INTO SHEET_IMAGE VALUES (119, 1, '/assets/images/sheet/005.jpeg', 'Y', 'N', NULL, NOW(), NULL, NULL);
INSERT INTO SHEET_IMAGE VALUES (120, 1, '/assets/images/sheet/006.jpeg', 'Y', 'N', NULL, NOW(), NULL, NULL);
INSERT INTO SHEET_IMAGE VALUES (121, 1, '/assets/images/sheet/007.jpeg', 'Y', 'N', NULL, NOW(), NULL, NULL);
INSERT INTO SHEET_IMAGE VALUES (122, 1, '/assets/images/sheet/008.jpeg', 'Y', 'N', NULL, NOW(), NULL, NULL);
INSERT INTO SHEET_IMAGE VALUES (123, 1, '/assets/images/sheet/009.jpeg', 'Y', 'N', NULL, NOW(), NULL, NULL);
INSERT INTO SHEET_IMAGE VALUES (124, 1, '/assets/images/sheet/010.jpeg', 'Y', 'N', NULL, NOW(), NULL, NULL);
INSERT INTO SHEET_IMAGE VALUES (125, 1, '/assets/images/sheet/011.jpeg', 'Y', 'N', NULL, NOW(), NULL, NULL);
INSERT INTO SHEET_IMAGE VALUES (126, 1, '/assets/images/sheet/012.jpeg', 'Y', 'N', NULL, NOW(), NULL, NULL);
INSERT INTO SHEET_IMAGE VALUES (127, 1, '/assets/images/sheet/013.jpeg', 'Y', 'N', NULL, NOW(), NULL, NULL);
INSERT INTO SHEET_IMAGE VALUES (128, 1, '/assets/images/sheet/014.jpeg', 'Y', 'N', NULL, NOW(), NULL, NULL);
INSERT INTO SHEET_IMAGE VALUES (129, 1, '/assets/images/sheet/015.jpeg', 'Y', 'N', NULL, NOW(), NULL, NULL);
INSERT INTO SHEET_IMAGE VALUES (130, 1, '/assets/images/sheet/016.jpeg', 'Y', 'N', NULL, NOW(), NULL, NULL);
INSERT INTO SHEET_IMAGE VALUES (131, 1, '/assets/images/sheet/017.jpeg', 'Y', 'N', NULL, NOW(), NULL, NULL);
INSERT INTO SHEET_IMAGE VALUES (132, 1, '/assets/images/sheet/018.jpeg', 'Y', 'N', NULL, NOW(), NULL, NULL);
INSERT INTO SHEET_IMAGE VALUES (133, 1, '/assets/images/sheet/019.jpeg', 'Y', 'N', NULL, NOW(), NULL, NULL);
INSERT INTO SHEET_IMAGE VALUES (134, 1, '/assets/images/sheet/020.jpeg', 'Y', 'N', NULL, NOW(), NULL, NULL);
INSERT INTO SHEET_IMAGE VALUES (135, 1, '/assets/images/sheet/021.jpeg', 'Y', 'N', NULL, NOW(), NULL, NULL);
INSERT INTO SHEET_IMAGE VALUES (136, 1, '/assets/images/sheet/022.jpeg', 'Y', 'N', NULL, NOW(), NULL, NULL);
INSERT INTO SHEET_IMAGE VALUES (137, 1, '/assets/images/sheet/023.jpeg', 'Y', 'N', NULL, NOW(), NULL, NULL);
INSERT INTO SHEET_IMAGE VALUES (138, 1, '/assets/images/sheet/024.jpeg', 'Y', 'N', NULL, NOW(), NULL, NULL);
INSERT INTO SHEET_IMAGE VALUES (139, 1, '/assets/images/sheet/025.jpeg', 'Y', 'N', NULL, NOW(), NULL, NULL);
INSERT INTO SHEET_IMAGE VALUES (140, 1, '/assets/images/sheet/026.jpeg', 'Y', 'N', NULL, NOW(), NULL, NULL);
INSERT INTO SHEET_IMAGE VALUES (141, 1, '/assets/images/sheet/027.jpeg', 'Y', 'N', NULL, NOW(), NULL, NULL);
INSERT INTO SHEET_IMAGE VALUES (142, 1, '/assets/images/sheet/028.jpeg', 'Y', 'N', NULL, NOW(), NULL, NULL);
INSERT INTO SHEET_IMAGE VALUES (143, 1, '/assets/images/sheet/029.jpeg', 'Y', 'N', NULL, NOW(), NULL, NULL);
INSERT INTO SHEET_IMAGE VALUES (144, 1, '/assets/images/sheet/030.jpeg', 'Y', 'N', NULL, NOW(), NULL, NULL);

INSERT INTO CART VALUES (10001, 101, 'G', 1, NULL, NOW(), NULL, NULL);
INSERT INTO CART VALUES (10001, 103, 'F', 1, NULL, NOW(), NULL, NULL);
INSERT INTO CART VALUES (10001, 104, 'B', 1, NULL, NOW(), NULL, NULL);
INSERT INTO CART VALUES (10001, 113, 'F', 1, NULL, NOW(), NULL, NULL);
INSERT INTO CART VALUES (10001, 115, 'F', 1, NULL, NOW(), NULL, NULL);
INSERT INTO CART VALUES (10001, 120, 'C', 1, NULL, NOW(), NULL, NULL);
INSERT INTO CART VALUES (10001, 144, 'C', 1, NULL, NOW(), NULL, NULL);
INSERT INTO CART VALUES (10002, 102, 'C', 1, NULL, NOW(), NULL, NULL);
INSERT INTO CART VALUES (10002, 103, 'F', 1, NULL, NOW(), NULL, NULL);
INSERT INTO CART VALUES (10002, 104, 'B', 1, NULL, NOW(), NULL, NULL);
INSERT INTO CART VALUES (10003, 101, 'G', 1, NULL, NOW(), NULL, NULL);
INSERT INTO CART VALUES (10003, 144, 'C', 1, NULL, NOW(), NULL, NULL);

--@formatter:on